accession	uniprot_id	Classic	New	Entry Name	pfam_names	Family.name	sequence	rest.header	Pfam	Protein families	Protein names	region	gtpase_seq
P11076	ARF1_YEAST	f1	new.f2	ARF1_YEAST	Arf	Arf_fam	MGLFASKLFSNLFGNKEMRILMVGLDGAGKTTVLYKLKLGEVITTIPTIGFNVETVQYKNISFTVWDVGGQDRIRSLWRHYYRNTEGVIFVVDSNDRSRIGEAREVMQRMLNEDELRNAAWLVFANKQDLPEAMSAAEITEKLGLHSIRNRPWFIQATCATSGEGLYEGLEWLSNSLKNST	ARF1_YEAST ADP-ribosylation factor 1 OS=Saccharomyces cerevisiae (strain ATCC 204508 / S288c) OX=559292 GN=ARF1 PE=1 SV=3	PF00025;	Small GTPase superfamily, Arf family	ADP-ribosylation factor 1 (EC 3.6.5.2)	19-175	RILMVGLDGAGKTTVLYKLKLGEVITTIPTIGFNVETVQYKNISFTVWDVGGQDRIRSLWRHYYRNTEGVIFVVDSNDRSRIGEAREVMQRMLNEDELRNAAWLVFANKQDLPEAMSAAEITEKLGLHSIRNRPWFIQATCATSGEGLYEGLEWLSN
P25160	ARL1_DROME	f1	new.f2	ARL1_DROME	Arf	Arf_fam	MGGVLSYFRGLLGSREMRILILGLDGAGKTTILYRLQVGEVVTTIPTIGFNVEQVTYKNLKFQVWDLGGQTSIRPYWRCYYSNTDAIIYVVDSADRDRIGISKDELLYMLREEELAGAILVVLANKQDMDGCMTVAEVHHALGLENLKNRTFQIFKTSATKGEGLDQAMDWLSNTLQSRK	ARL1_DROME ADP-ribosylation factor-like protein 1 OS=Drosophila melanogaster OX=7227 GN=Arl1 PE=2 SV=5	PF00025;	Small GTPase superfamily, Arf family	ADP-ribosylation factor-like protein 1	18-174	RILILGLDGAGKTTILYRLQVGEVVTTIPTIGFNVEQVTYKNLKFQVWDLGGQTSIRPYWRCYYSNTDAIIYVVDSADRDRIGISKDELLYMLREEELAGAILVVLANKQDMDGCMTVAEVHHALGLENLKNRTFQIFKTSATKGEGLDQAMDWLSN
P36057	SRPB_YEAST	f1	new.f1	SRPB_YEAST	SRPRB	SRP_fam	MLSNTLIIACLLVIGTTIALIAVQKASSKTGIKQKSYQPSIIIAGPQNSGKTSLLTLLTTDSVRPTVVSQEPLSAADYDGSGVTLVDFPGHVKLRYKLSDYLKTRAKFVKGLIFMVDSTVDPKKLTTTAEFLVDILSITESSCENGIDILIACNKSELFTARPPSKIKDALESEIQKVIERRKKSLNEVERKINEEDYAENTLDVLQSTDGFKFANLEASVVAFEGSINKRKISQWREWIDEKL	SRPB_YEAST Signal recognition particle receptor subunit beta OS=Saccharomyces cerevisiae (strain ATCC 204508 / S288c) OX=559292 GN=SRP102 PE=1 SV=1	PF09439;	SRP receptor beta subunit family	Signal recognition particle receptor subunit beta (SR-beta)	41-166	IIIAGPQNSGKTSLLTLLTTDSVRPTVVSQEPLSAADYDGSGVTLVDFPGHVKLRYKLSDYLKTRAKFVKGLIFMVDSTVDPKKLTTTAEFLVDILSITESSCENGIDILIACNKSELFTARPPSK
P36397	ARF1_ARATH	f1	new.f2	ARF1_ARATH	Arf	Arf_fam	MGLSFGKLFSRLFAKKEMRILMVGLDAAGKTTILYKLKLGEIVTTIPTIGFNVETVEYKNISFTVWDVGGQDKIRPLWRHYFQNTQGLIFVVDSNDRDRVVEARDELHRMLNEDELRDAVLLVFANKQDLPNAMNAAEITDKLGLHSLRQRHWYIQSTCATSGEGLYEGLDWLSNNIASKA	ARF1_ARATH ADP-ribosylation factor 1 OS=Arabidopsis thaliana OX=3702 GN=ARF1 PE=1 SV=2	PF00025;	Small GTPase superfamily, Arf family	ADP-ribosylation factor 1 (AtARF1) (EC 3.6.5.2) (Protein BFA-VISUALIZED EXOCYTIC TRAFFICKING DEFECTIVE 1)	19-176	RILMVGLDAAGKTTILYKLKLGEIVTTIPTIGFNVETVEYKNISFTVWDVGGQDKIRPLWRHYFQNTQGLIFVVDSNDRDRVVEARDELHRMLNEDELRDAVLLVFANKQDLPNAMNAAEITDKLGLHSLRQRHWYIQSTCATSGEGLYEGLDWLSNN
P38116	ARL1_YEAST	f1	new.f2	ARL1_YEAST	Arf	Arf_fam	MGNIFSSMFDKLWGSNKELRILILGLDGAGKTTILYRLQIGEVVTTKPTIGFNVETLSYKNLKLNVWDLGGQTSIRPYWRCYYADTAAVIFVVDSTDKDRMSTASKELHLMLQEEELQDAALLVFANKQDQPGALSASEVSKELNLVELKDRSWSIVASSAIKGEGITEGLDWLIDVIKEEQL	ARL1_YEAST ADP-ribosylation factor-like protein 1 OS=Saccharomyces cerevisiae (strain ATCC 204508 / S288c) OX=559292 GN=ARL1 PE=1 SV=4	PF00025;	Small GTPase superfamily, Arf family	ADP-ribosylation factor-like protein 1 (Arf-like GTPase 1)	20-176	RILILGLDGAGKTTILYRLQIGEVVTTKPTIGFNVETLSYKNLKLNVWDLGGQTSIRPYWRCYYADTAAVIFVVDSTDKDRMSTASKELHLMLQEEELQDAALLVFANKQDQPGALSASEVSKELNLVELKDRSWSIVASSAIKGEGITEGLDWLID
P47758	SRPRB_MOUSE	f1	new.f1	SRPRB_MOUSE	SRPRB	SRP_fam	MASANTRRVGDGAGGAFQPYLDSLRQELQQRDPTLLSVAVALLAVLLTLVFWKFIWSRKSSQRAVLFVGLCDSGKTLLFVRLLTGQYRDTQTSITDSSAIYKVNNNRGNSLTLIDLPGHESLRFQLLDRFKSSARAVVFVVDSAAFQREVKDVAEFLYQVLIDSMALKNSPSLLIACNKQDIAMAKSAKLIQQQLEKELNTLRVTRSAAPSTLDSSSTAPAQLGKKGKEFEFSQLPLKVEFLECSAKGGRGDTGSADIQDLEKWLAKIA	SRPRB_MOUSE Signal recognition particle receptor subunit beta OS=Mus musculus OX=10090 GN=Srprb PE=1 SV=1	PF09439;	SRP receptor beta subunit family	Signal recognition particle receptor subunit beta (SR-beta)	65-208	VLFVGLCDSGKTLLFVRLLTGQYRDTQTSITDSSAIYKVNNNRGNSLTLIDLPGHESLRFQLLDRFKSSARAVVFVVDSAAFQREVKDVAEFLYQVLIDSMALKNSPSLLIACNKQDIAMAKSAKLIQQQLEKELNTLRVTRSA
P61209	ARF1_DROME	f1	new.f2	ARF1_DROME	Arf	Arf_fam	MGNVFANLFKGLFGKKEMRILMVGLDAAGKTTILYKLKLGEIVTTIPTIGFNVETVEYKNISFTVWDVGGQDKIRPLWRHYFQNTQGLIFVVDSNDRERIGEAREELMRMLAEDELRDAVLLIFANKQDLPNAMNAAEITDKLGLHSLRNRNWYIQATCATSGDGLYEGLDWLSNQLKNANR	ARF1_DROME ADP-ribosylation factor 1 OS=Drosophila melanogaster OX=7227 GN=Arf1 PE=1 SV=2	PF00025;	Small GTPase superfamily, Arf family	ADP-ribosylation factor 1 (EC 3.6.5.2)	19-176	RILMVGLDAAGKTTILYKLKLGEIVTTIPTIGFNVETVEYKNISFTVWDVGGQDKIRPLWRHYFQNTQGLIFVVDSNDRERIGEAREELMRMLAEDELRDAVLLIFANKQDLPNAMNAAEITDKLGLHSLRNRNWYIQATCATSGDGLYEGLDWLSNQ
P61211	ARL1_MOUSE	f1	new.f2	ARL1_MOUSE	Arf	Arf_fam	MGGFFSSIFSSLFGTREMRILILGLDGAGKTTILYRLQVGEVVTTIPTIGFNVETVTYKNLKFQVWDLGGQTSIRPYWRCYYSNTDAVIYVVDSCDRDRIGISKSELVAMLEEEELRKAILVVFANKQDMEQAMTPSEMANALGLPALKDRKWQIFKTSATKGTGLDEAMEWLVETLKSRQ	ARL1_MOUSE ADP-ribosylation factor-like protein 1 OS=Mus musculus OX=10090 GN=Arl1 PE=1 SV=1	PF00025;	Small GTPase superfamily, Arf family	ADP-ribosylation factor-like protein 1	19-176	RILILGLDGAGKTTILYRLQVGEVVTTIPTIGFNVETVTYKNLKFQVWDLGGQTSIRPYWRCYYSNTDAVIYVVDSCDRDRIGISKSELVAMLEEEELRKAILVVFANKQDMEQAMTPSEMANALGLPALKDRKWQIFKTSATKGTGLDEAMEWLVET
P84078	ARF1_MOUSE	f1	new.f2	ARF1_MOUSE	Arf	Arf_fam	MGNIFANLFKGLFGKKEMRILMVGLDAAGKTTILYKLKLGEIVTTIPTIGFNVETVEYKNISFTVWDVGGQDKIRPLWRHYFQNTQGLIFVVDSNDRERVNEAREELMRMLAEDELRDAVLLVFANKQDLPNAMNAAEITDKLGLHSLRHRNWYIQATCATSGDGLYEGLDWLSNQLRNQK	ARF1_MOUSE ADP-ribosylation factor 1 OS=Mus musculus OX=10090 GN=Arf1 PE=1 SV=2	PF00025;	Small GTPase superfamily, Arf family	ADP-ribosylation factor 1 (EC 3.6.5.2)	19-176	RILMVGLDAAGKTTILYKLKLGEIVTTIPTIGFNVETVEYKNISFTVWDVGGQDKIRPLWRHYFQNTQGLIFVVDSNDRERVNEAREELMRMLAEDELRDAVLLVFANKQDLPNAMNAAEITDKLGLHSLRHRNWYIQATCATSGDGLYEGLDWLSNQ
Q09654	ARD1_CAEEL	f1	new.f2	TRI23_CAEEL	Arf;zf-B_box;zf-RING_UBOX	Arf_fam	MNEYGCNVCNEEYSARDPLKCPRVLTGCGHTICHNCAISIAGRNSSIFCPFDRTATQIPGGDLQNLKKNFALLELLEKIADGGGLLEKSGEVVKFDRYSKERLLNLECDEDSEHVAVIYCTVCDSNLCERCSESTHSTNVLSKHRRIPLTEKPPPLVHCRLHSSYVVEFVCKELSCDTESPLMCMMCRDYGRHKGHSHVLIEKEVEDLREKVREHLGELSKQSETIGNALHSIDSVIHELTPGQEDGSLEETRQEVRNHFRRLRTALDRDEEDAVETVDRYARNRVESLQTQKERLEAISSKIGNTCTTLQKALIMERGKILDRKDDLLALAESTAAEPTAVLDQSQLSTRIAFSFLNDRKLHIGDFIESRVVLLGLDGAGKTSIVRRLKKVQMDTVMAPHPTIGFNIETIHYKNYRLNFWDVGGLPKLRHLWKHYYSNAQAIFYVIDGYAVERFSEAIKELNRVMSDPLVGTCPVIVAVNRKDGYALNGHMDALLSQLEALPFQHHFHCCDAATGSGIDQIIDQITVCLSRLNGTCPV	TRI23_CAEEL E3 ubiquitin-protein ligase arc-1 OS=Caenorhabditis elegans OX=6239 GN=arc-1 PE=3 SV=3	PF00025;PF00643;PF13445;	Small GTPase superfamily, Arf family	E3 ubiquitin-protein ligase arc-1 (EC 2.3.2.27) (Putative GTP-binding protein trim-23 homolog) (RING-type E3 ubiquitin transferase arc-1)	371-527	RVVLLGLDGAGKTSIVRRLKKVQMDTVMAPHPTIGFNIETIHYKNYRLNFWDVGGLPKLRHLWKHYYSNAQAIFYVIDGYAVERFSEAIKELNRVMSDPLVGTCPVIVAVNRKDGYALNGHMDALLSQLEALPFQHHFHCCDAATGSGIDQIIDQIT
Q20758	ARL1_CAEEL	f1	new.f2	ARL1_CAEEL	Arf	Arf_fam	MGGVMSYFRGLFGAREMRILILGLDGAGKTTILYRLQVGEVVTTIPTIGFNVEQVEYKNLKFQVWDLGGQTSIRPYWRCYYANTDAIIYVVDSADRDRVGISRQELATMLQEDELQGAVLAVLANKQDIAGCLTETEVYKALGLDALRNRTIQIFKTSASKGEGLDPAMDWLANQLQQKK	ARL1_CAEEL ADP-ribosylation factor-like protein 1 OS=Caenorhabditis elegans OX=6239 GN=arl-1 PE=2 SV=2	PF00025;	Small GTPase superfamily, Arf family	ADP-ribosylation factor-like protein 1	18-175	RILILGLDGAGKTTILYRLQVGEVVTTIPTIGFNVEQVEYKNLKFQVWDLGGQTSIRPYWRCYYANTDAIIYVVDSADRDRVGISRQELATMLQEDELQGAVLAVLANKQDIAGCLTETEVYKALGLDALRNRTIQIFKTSASKGEGLDPAMDWLANQ
Q8BGX0	TRI23_ARDF1_MOUSE	f1	new.f2	TRI23_MOUSE	Arf;zf-B_box;zf-RING_UBOX	Arf_fam	MAALAVNKPGAGVDSGRQGSRGTAVVKVLECGVCEDVFSLQGDKVPRLLLCGHTVCHDCLTRLPLHGRAIRCPFDRQVTDLGDSGVWGLKKNFALLELLERLQNGHIGQYGAAEEAIGTSGESIIRCDEDEAHVASVYCTVCATHLCSDCSQVTHSTKTLAKHRRVPLADKPHEKTMCCQHQVHAIEFVCLEEGCQTSPLMCCVCKEYGKHQGHKHSVLEPEANQIRASILDMAHCIRTFTEEISDYSRKLVGIVQHIEGGEQIVEDGIGMAHTEHVPGTAENARSCVRAYFSDLHETLCRQEEMALSVVDAHVREKLIWLRQQQEDMTILLSQVSTACLHCEKTLQQDDCRVVLAKQEITRLLETLQKQQQQFTEVADHIQLDASIPVTFTKDNRVHIGPKMEIRVVTLGLDGAGKTTILFKLKQDEFMQPIPTIGFNVETVEYKNLKFTIWDVGGKHKLRPLWKHYYLNTQAVVFVVDSSHRDRISEAHSELAKLLTEKELRDALLLIFANKQDVAGALSVEEITELLSLHKLCCGRSWYIQGCDARSGMGLYEGLDWLSRQLVAAGVLDVA	TRI23_MOUSE E3 ubiquitin-protein ligase TRIM23 OS=Mus musculus OX=10090 GN=Trim23 PE=2 SV=1	PF00025;PF00643;PF13445;	Small GTPase superfamily, Arf family	E3 ubiquitin-protein ligase TRIM23 (EC 2.3.2.27) (ADP-ribosylation factor domain-containing protein 1) (GTP-binding protein ARD-1) (RING-type E3 ubiquitin transferase TRIM23) (Tripartite motif-containing protein 23)	406-564	RVVTLGLDGAGKTTILFKLKQDEFMQPIPTIGFNVETVEYKNLKFTIWDVGGKHKLRPLWKHYYLNTQAVVFVVDSSHRDRISEAHSELAKLLTEKELRDALLLIFANKQDVAGALSVEEITELLSLHKLCCGRSWYIQGCDARSGMGLYEGLDWLSRQ
Q9D4V7	RABL3_MOUSE	f1	new.f4	RABL3_MOUSE	Roc	Rab_fam	MASLDRVKVLVLGDSGVGKSSLVHLLCHNQVLGNPSWTVGCSVDIRVHDYKEGTPEEKTYYIELWDVGGSVGSASSVKSTRAVFYNSVNGIILVHDLTNKKSSQNLYRWSLEVLNRDAVPTGVLVTNGDYDREQFADNQIPLLVIGTKLDQIHETKRHEVLIRTAFLAEDFNAEEINLDCTNPRSSAAGSSNAVKLSRFFDKVIEKRYFFREGNQIPGFSDRKRFGGGALKNFHCD	RABL3_MOUSE Rab-like protein 3 OS=Mus musculus OX=10090 GN=Rabl3 PE=1 SV=1	PF08477;	Small GTPase superfamily, Rab family	Rab-like protein 3	8-155	KVLVLGDSGVGKSSLVHLLCHNQVLGNPSWTVGCSVDIRVHDYKEGTPEEKTYYIELWDVGGSVGSASSVKSTRAVFYNSVNGIILVHDLTNKKSSQNLYRWSLEVLNRDAVPTGVLVTNGDYDREQFADNQIPLLVIGTKLDQIHET
Q9DAI2	RABL5_MOUSE	f1	new.f3	IFT22_MOUSE	Roc	Rab_fam	MLKAKILFVGPCESGKTVLANFLTESSDITEYNPTQGVRILEFENPHVTSNNKGTGCEFELWDCGGDSKFESCWPALMKDAHGVVIVFNADIPSHLKEIEMWYSCFVQQQFLQDSHCMLVAHHKPGSGGERGSLALSPPLNKLKLVHSNLEEDPEEVRVEFIKYLKSIINSMSESRDREEMLIIT	IFT22_MOUSE Intraflagellar transport protein 22 homolog OS=Mus musculus OX=10090 GN=Ift22 PE=1 SV=1	PF08477;	Small GTPase superfamily, Rab family	Intraflagellar transport protein 22 homolog (Rab-like protein 5)	5-122	KILFVGPCESGKTVLANFLTESSDITEYNPTQGVRILEFENPHVTSNNKGTGCEFELWDCGGDSKFESCWPALMKDAHGVVIVFNADIPSHLKEIEMWYSCFVQQQFLQDSHCMLVAH
Q9VXA9	rabL3_Q9VXA9_DROME	f1	new.f4	Q9VXA9_DROME	Roc	NA	MAMNNRVRIVVVGDSGVGKTSLTHLITHNEALIRPGWTVGCNIQVKMHPFREGTARECPYFVELFDVGGSLNHKNTRSVFYAGIDGIILVHDLTNAKSQRQLIDWLYEIVNKEGKDTNKSNGASMPPSPPSPLSSFSTDNLGTDGHILFDMEEFLGATQTPILVMGTKLDLLDEKRHPKMGVKKPGGIADKCGAEEIWLNCRNSRSLAAGTTDAVKLSRFFDRVIENRKALRAALAFGVSSSNAVSPPDRRRFGPTSAKMEDSVLPLLDTQDLK	Q9VXA9_DROME RE04047p OS=Drosophila melanogaster OX=7227 GN=Q9VXA9 PE=2 SV=2	PF08477;	NA	RE04047p	8-115	RIVVVGDSGVGKTSLTHLITHNEALIRPGWTVGCNIQVKMHPFREGTARECPYFVELFDVGGSLNHKNTRSVFYAGIDGIILVHDLTNAKSQRQLIDWLYEIVNKEGK
Q9XUC2	IFT22_CAEEL	f1	new.f3	IFT22_CAEEL	Roc	Rab_fam	MATENPQTWALWLILSEMASDMQEDKKVAKILVLGPPKAGKTTLCTFLADFMEDGDTLKKGEDSGERERKFEFEFTSVYRPTKGVRIQEFETHEFFTEQEQNELGGTRRLEDSEIQLWDVSGDKKYEDCWPAIKENAEGVILVVNPEEHKGSDLQQWFYEFVEKENIDLSCVMVILNEQGAKKTNHEQISGFEILPKLRGVHHVAHHFGSEAMQVKMEVNSFMASVLKMDQRQMGSGVDHGLGYADEQEDDF	IFT22_CAEEL Intraflagellar transport associated protein 2 OS=Caenorhabditis elegans OX=6239 GN=ifta-2 PE=1 SV=1	PF08477;	Small GTPase superfamily, Rab family	Intraflagellar transport associated protein 2	30-183	KILVLGPPKAGKTTLCTFLADFMEDGDTLKKGEDSGERERKFEFEFTSVYRPTKGVRIQEFETHEFFTEQEQNELGGTRRLEDSEIQLWDVSGDKKYEDCWPAIKENAEGVILVVNPEEHKGSDLQQWFYEFVEKENIDLSCVMVILNEQGAKK
P08645	RAS3_DROME	f2	new.f5	RAP1_DROME	Ras	Ras_fam	MREYKIVVLGSGGVGKSALTVQFVQCIFVEKYDPTIEDSYRKQVEVDGQQCMLEILDTAGTEQFTAMRDLYMKNGQGFVLVYSITAQSTFNDLQDLREQILRVKDTDDVPMVLVGNKCDLEEERVVGKELGKNLATQFNCAFMETSAKAKVNVNDIFYDLVRQINKKSPEKKQKKPKKSLCVLL	RAP1_DROME Ras-related protein Rap1 OS=Drosophila melanogaster OX=7227 GN=Rap1 PE=2 SV=2	PF00071;	Small GTPase superfamily, Ras family	Ras-related protein Rap1 (EC 3.6.5.2) (Rap1 GTPase) (Ras-like protein 3)	5-164	KIVVLGSGGVGKSALTVQFVQCIFVEKYDPTIEDSYRKQVEVDGQQCMLEILDTAGTEQFTAMRDLYMKNGQGFVLVYSITAQSTFNDLQDLREQILRVKDTDDVPMVLVGNKCDLEEERVVGKELGKNLATQFNCAFMETSAKAKVNVNDIFYDLVRQI
P13856	RSR1_YEAST	f2	new.f5	RSR1_YEAST	Ras	Ras_fam	MRDYKLVVLGAGGVGKSCLTVQFVQGVYLDTYDPTIEDSYRKTIEIDNKVFDLEILDTAGIAQFTAMRELYIKSGMGFLLVYSVTDRQSLEELMELREQVLRIKDSDRVPMVLIGNKADLINERVISVEEGIEVSSKWGRVPFYETSALLRSNVDEVFVDLVRQIIRNEMESVAVKDARNQSQQFSKIESPSTRLPSSAKQDTKQSNNKQSSKGLYNKSSQGQAKVKQSTPVNEKHKPSHAVPKSGSSNRTGISATSQQKKKKKNASTCTIL	RSR1_YEAST Ras-related protein RSR1 OS=Saccharomyces cerevisiae (strain ATCC 204508 / S288c) OX=559292 GN=RSR1 PE=1 SV=1	PF00071;	Small GTPase superfamily, Ras family	Ras-related protein RSR1 (EC 3.6.5.2)	5-165	KLVVLGAGGVGKSCLTVQFVQGVYLDTYDPTIEDSYRKTIEIDNKVFDLEILDTAGIAQFTAMRELYIKSGMGFLLVYSVTDRQSLEELMELREQVLRIKDSDRVPMVLIGNKADLINERVISVEEGIEVSSKWGRVPFYETSALLRSNVDEVFVDLVRQI
P25378	RHEB_YEAST	f2	new.f5	RHEB_YEAST	Ras	Rheb_fam	MEYATMSSSNSTHNFQRKIALIGARNVGKTTLTVRFVESRFVESYYPTIENEFTRIIPYKSHDCTLEILDTAGQDEVSLLNIKSLTGVRGIILCYSIINRASFDLIPILWDKLVDQLGKDNLPVILVGTKADLGRSTKGVKRCVTKAEGEKLASTIGSQDKRNQAAFIECSAELDYNVEETFMLLLKQMERVEGTLGLDAENNNKCSIM	RHEB_YEAST GTP-binding protein RHB1 OS=Saccharomyces cerevisiae (strain ATCC 204508 / S288c) OX=559292 GN=RHB1 PE=1 SV=2	PF00071;	Small GTPase superfamily, Rheb family	GTP-binding protein RHB1 (EC 3.6.5.-) (GTP-binding protein RSG1)	18-189	KIALIGARNVGKTTLTVRFVESRFVESYYPTIENEFTRIIPYKSHDCTLEILDTAGQDEVSLLNIKSLTGVRGIILCYSIINRASFDLIPILWDKLVDQLGKDNLPVILVGTKADLGRSTKGVKRCVTKAEGEKLASTIGSQDKRNQAAFIECSAELDYNVEETFMLLLKQM
P34443	RHEB1_CAEEL	f2	new.f5	RHEB1_CAEEL	Ras	Rheb_fam	MSSSLQSNRQSLNRKVAVMGYPHVGKSALVLRFTQNIFPERYESTIEDQHSKHIAAFHRDYHLRVTDTAGQQEYTVFPRSCSLDINGFILVYAIDDRKSFEMCSNIYEKIVRTYGDTSIPIVIVGNKTDLSTQRVVRAEEGEELARQWDAKFVEITARESNRVHEVFELLLREIEISRGNLSPTERPNGNSPKRNPFKDDGKPCSIS	RHEB1_CAEEL GTP-binding protein Rheb homolog 1 OS=Caenorhabditis elegans OX=6239 GN=rheb-1 PE=3 SV=1	PF00071;	Small GTPase superfamily, Rheb family	GTP-binding protein Rheb homolog 1 (EC 3.6.5.-)	15-174	KVAVMGYPHVGKSALVLRFTQNIFPERYESTIEDQHSKHIAAFHRDYHLRVTDTAGQQEYTVFPRSCSLDINGFILVYAIDDRKSFEMCSNIYEKIVRTYGDTSIPIVIVGNKTDLSTQRVVRAEEGEELARQWDAKFVEITARESNRVHEVFELLLREI
P62835	RAP1A_MOUSE	f2	new.f5	RAP1A_MOUSE	Ras	Ras_fam	MREYKLVVLGSGGVGKSALTVQFVQGIFVEKYDPTIEDSYRKQVEVDCQQCMLEILDTAGTEQFTAMRDLYMKNGQGFALVYSITAQSTFNDLQDLREQILRVKDTEDVPMILVGNKCDLEDERVVGKEQGQNLARQWCNCAFLESSAKSKINVNEIFYDLVRQINRKTPVEKKKPKKKSCLLL	RAP1A_MOUSE Ras-related protein Rap-1A OS=Mus musculus OX=10090 GN=Rap1a PE=1 SV=1	PF00071;	Small GTPase superfamily, Ras family	Ras-related protein Rap-1A (EC 3.6.5.2) (Ras-related protein Krev-1)	5-165	KLVVLGSGGVGKSALTVQFVQGIFVEKYDPTIEDSYRKQVEVDCQQCMLEILDTAGTEQFTAMRDLYMKNGQGFALVYSITAQSTFNDLQDLREQILRVKDTEDVPMILVGNKCDLEDERVVGKEQGQNLARQWCNCAFLESSAKSKINVNEIFYDLVRQI
Q921J2	RHEB_MOUSE	f2	new.f5	RHEB_MOUSE	Ras	Rheb_fam	MPQSKSRKIAILGYRSVGKSSLTIQFVEGQFVDSYDPTIENTFTKLITVNGQEYHLQLVDTAGQDEYSIFPQTYSIDINGYILVYSVTSIKSFEVIKVIHGKLLDMVGKVQIPIMLVGNKKDLHMERVISYEEGKALAESWNAAFLESSAKENQTAVDVFKRIILEAEKIDGAASQGKSSCSVM	RHEB_MOUSE GTP-binding protein Rheb OS=Mus musculus OX=10090 GN=Rheb PE=1 SV=1	PF00071;	Small GTPase superfamily, Rheb family	GTP-binding protein Rheb (EC 3.6.5.-) (Ras homolog enriched in brain)	8-165	KIAILGYRSVGKSSLTIQFVEGQFVDSYDPTIENTFTKLITVNGQEYHLQLVDTAGQDEYSIFPQTYSIDINGYILVYSVTSIKSFEVIKVIHGKLLDMVGKVQIPIMLVGNKKDLHMERVISYEEGKALAESWNAAFLESSAKENQTAVDVFKRIIL
Q99JI6	RAP1B_MOUSE	f2	new.f5	RAP1B_MOUSE	Ras	Ras_fam	MREYKLVVLGSGGVGKSALTVQFVQGIFVEKYDPTIEDSYRKQVEVDAQQCMLEILDTAGTEQFTAMRDLYMKNGQGFALVYSITAQSTFNDLQDLREQILRVKDTDDVPMILVGNKCDLEDERVVGKEQGQNLARQWNNCAFLESSAKSKINVNEIFYDLVRQINRKTPVPGKARKKSSCQLL	RAP1B_MOUSE Ras-related protein Rap-1b OS=Mus musculus OX=10090 GN=Rap1b PE=1 SV=2	PF00071;	Small GTPase superfamily, Ras family	Ras-related protein Rap-1b (EC 3.6.5.2) (GTP-binding protein smg p21B)	5-165	KLVVLGSGGVGKSALTVQFVQGIFVEKYDPTIEDSYRKQVEVDAQQCMLEILDTAGTEQFTAMRDLYMKNGQGFALVYSITAQSTFNDLQDLREQILRVKDTDDVPMILVGNKCDLEDERVVGKEQGQNLARQWNNCAFLESSAKSKINVNEIFYDLVRQI
Q9D8T3	REBL1_MOUSE	f2	new.f5	REBL1_MOUSE	Ras	Rheb_fam	MPLVRYRKVAILGYRSVGKTSLAHQFVEGEFLEGYDPTVENTYSKTVTLGKDEFHLHLVDTAGQDEYSILPYSLIIGVHGYVLVYSVNSLRSFQIVKNLYQKLHEGHGKTRLSVLLVGNKADLSPEREVQAVEGKKLAESWGAMFMESSARDNQLTQDVFIKVIQEIARVENSYGRQDRRCYLM	REBL1_MOUSE GTPase RhebL1 OS=Mus musculus OX=10090 GN=Rhebl1 PE=2 SV=1	PF00071;	Small GTPase superfamily, Rheb family	GTPase RhebL1 (EC 3.6.5.-) (Ras homolog enriched in brain-like protein 1) (Rheb-like protein 1)	8-167	KVAILGYRSVGKTSLAHQFVEGEFLEGYDPTVENTYSKTVTLGKDEFHLHLVDTAGQDEYSILPYSLIIGVHGYVLVYSVNSLRSFQIVKNLYQKLHEGHGKTRLSVLLVGNKADLSPEREVQAVEGKKLAESWGAMFMESSARDNQLTQDVFIKVIQEI
Q9VND8	RHEB_DROME	f2	new.f5	RHEB_DROME	Ras	Rheb_fam	MPTKERHIAMMGYRSVGKSSLCIQFVEGQFVDSYDPTIENTFTKIERVKSQDYIVKLIDTAGQDEYSIFPVQYSMDYHGYVLVYSITSQKSFEVVKIIYEKLLDVMGKKYVPVVLVGNKIDLHQERTVSTEEGKKLAESWRAAFLETSAKQNESVGDIFHQLLILIENENGNPQEKSGCLVS	RHEB_DROME GTP-binding protein Rheb homolog OS=Drosophila melanogaster OX=7227 GN=Rheb PE=1 SV=1	PF00071;	Small GTPase superfamily, Rheb family	GTP-binding protein Rheb homolog (EC 3.6.5.-)	8-163	IAMMGYRSVGKSSLCIQFVEGQFVDSYDPTIENTFTKIERVKSQDYIVKLIDTAGQDEYSIFPVQYSMDYHGYVLVYSITSQKSFEVVKIIYEKLLDVMGKKYVPVVLVGNKIDLHQERTVSTEEGKKLAESWRAAFLETSAKQNESVGDIFHQLL
Q18246	Q18246_CAEEL	f2	new.f5	RAP1_CAEEL	Ras	Ras_fam	MREYKIVVLGSGGVGKSALTVQFVQGIFVEKYDPTIEDSYRKQVEVDGQQCMLEILDTAGTEQFTAMRDLYMKNGQGFVLVYSITAQSTFNDLMDLRDQILRVKDTDEVPMILVGNKCDLEDERVVGKDQGQNLARQFGSAFLETSAKAKINVSEVFYDLVRQINRRYPESGRRQGQSNKQCCSCVIM	RAP1_CAEEL Ras-related protein Rap-1 OS=Caenorhabditis elegans OX=6239 GN=rap-1 PE=3 SV=1	PF00071;	Small GTPase superfamily, Ras family	Ras-related protein Rap-1 (EC 3.6.5.2)	5-164	KIVVLGSGGVGKSALTVQFVQGIFVEKYDPTIEDSYRKQVEVDGQQCMLEILDTAGTEQFTAMRDLYMKNGQGFVLVYSITAQSTFNDLMDLRDQILRVKDTDEVPMILVGNKCDLEDERVVGKDQGQNLARQFGSAFLETSAKAKINVSEVFYDLVRQI
P19073	CDC42_YEAST	f3	new.f7	CDC42_YEAST	Ras	Rho_fam	MQTLKCVVVGDGAVGKTCLLISYTTNQFPADYVPTVFDNYAVTVMIGDEPYTLGLFDTAGQEDYDRLRPLSYPSTDVFLVCFSVISPPSFENVKEKWFPEVHHHCPGVPCLVVGTQIDLRDDKVIIEKLQRQRLRPITSEQGSRLARELKAVKYVECSALTQRGLKNVFDEAIVAALEPPVIKKSKKCAIL	CDC42_YEAST Cell division control protein 42 OS=Saccharomyces cerevisiae (strain ATCC 204508 / S288c) OX=559292 GN=CDC42 PE=1 SV=2	PF00071;	Small GTPase superfamily, Rho family, CDC42 subfamily	Cell division control protein 42 (EC 3.6.5.2) (Suppressor of RHO3 protein 2)	5-173	KCVVVGDGAVGKTCLLISYTTNQFPADYVPTVFDNYAVTVMIGDEPYTLGLFDTAGQEDYDRLRPLSYPSTDVFLVCFSVISPPSFENVKEKWFPEVHHHCPGVPCLVVGTQIDLRDDKVIIEKLQRQRLRPITSEQGSRLARELKAVKYVECSALTQRGLKNVFDEAI
P39722	GEM1_YEAST	f3	new.f8	GEM1_YEAST	EF_assoc_1;EF_assoc_2;Ras	Mitoch_Rho_fam	MTKETIRVVICGDEGVGKSSLIVSLTKAEFIPTIQDVLPPISIPRDFSSSPTYSPKNTVLIDTSDSDLIALDHELKSADVIWLVYCDHESYDHVSLFWLPHFRSLGLNIPVILCKNKCDSISNVNANAMVVSENSDDDIDTKVEDEEFIPILMEFKEIDTCIKTSAKTQFDLNQAFYLCQRAITHPISPLFDAMVGELKPLAVMALKRIFLLSDLNQDSYLDDNEILGLQKKCFNKSIDVNELNFIKDLLLDISKHDQEYINRKLYVPGKGITKDGFLVLNKIYAERGRHETTWAILRTFHYTDSLCINDKILHPRLVVPDTSSVELSPKGYRFLVDIFLKFDIDNDGGLNNQELHRLFKCTPGLPKLWTSTNFPFSTVVNNKGCITLQGWLAQWSMTTFLNYSTTTAYLVYFGFQEDARLALQVTKPRKMRRRSGKLYRSNINDRKVFNCFVIGKPCCGKSSLLEAFLGRSFSEEYSPTIKPRIAVNSLELKGGKQYYLILQELGEQEYAILENKDKLKECDVICLTYDSSDPESFSYLVSLLDKFTHLQDLPLVFVASKADLDKQQQRCQIQPDELADELFVNHPLHISSRWLSSLNELFIKITEAALDPGKNTPGLPEETAAKDVDYRQTALIFGSTVGFVALCSFTLMKLFKSSKFSK	GEM1_YEAST Mitochondrial Rho GTPase 1 OS=Saccharomyces cerevisiae (strain ATCC 204508 / S288c) OX=559292 GN=GEM1 PE=1 SV=1	PF08355;PF08356;PF00071;	Mitochondrial Rho GTPase family	Mitochondrial Rho GTPase 1 (EC 3.6.5.-) (GTPase EF-hand protein of mitochondria 1)	451-607	CFVIGKPCCGKSSLLEAFLGRSFSEEYSPTIKPRIAVNSLELKGGKQYYLILQELGEQEYAILENKDKLKECDVICLTYDSSDPESFSYLVSLLDKFTHLQDLPLVFVASKADLDKQQQRCQIQPDELADELFVNHPLHISSRWLSSLNELFIKITE
P40793	CDC42_DROME	f3	new.f7	CDC42_DROME	Ras	Rho_fam	MQTIKCVVVGDGAVGKTCLLISYTTNKFPSEYVPTVFDNYAVTVMIGGEPYTLGLFDTAGQEDYDRLRPLSYPQTDVFLVCFSVVSPSSFENVKEKWVPEITHHCQKTPFLLVGTQIDLRDENSTLEKLAKNKQKPITMEQGEKLAKELKAVKYVECSALTQKGLKNVFDEAILAALEPPEPTKKRKCKFL	CDC42_DROME Cdc42 homolog OS=Drosophila melanogaster OX=7227 GN=Cdc42 PE=1 SV=1	PF00071;	Small GTPase superfamily, Rho family, CDC42 subfamily	Cdc42 homolog (EC 3.6.5.2)	5-173	KCVVVGDGAVGKTCLLISYTTNKFPSEYVPTVFDNYAVTVMIGGEPYTLGLFDTAGQEDYDRLRPLSYPQTDVFLVCFSVVSPSSFENVKEKWVPEITHHCQKTPFLLVGTQIDLRDENSTLEKLAKNKQKPITMEQGEKLAKELKAVKYVECSALTQKGLKNVFDEAI
P60766	CDC42_MOUSE	f3	new.f7	CDC42_MOUSE	Ras	Rho_fam	MQTIKCVVVGDGAVGKTCLLISYTTNKFPSEYVPTVFDNYAVTVMIGGEPYTLGLFDTAGQEDYDRLRPLSYPQTDVFLVCFSVVSPSSFENVKEKWVPEITHHCPKTPFLLVGTQIDLRDDPSTIEKLAKNKQKPITPETAEKLARDLKAVKYVECSALTQKGLKNVFDEAILAALEPPEPKKSRRCVLL	CDC42_MOUSE Cell division control protein 42 homolog OS=Mus musculus OX=10090 GN=Cdc42 PE=1 SV=2	PF00071;	Small GTPase superfamily, Rho family, CDC42 subfamily	Cell division control protein 42 homolog (EC 3.6.5.2) (G25K GTP-binding protein)	5-173	KCVVVGDGAVGKTCLLISYTTNKFPSEYVPTVFDNYAVTVMIGGEPYTLGLFDTAGQEDYDRLRPLSYPQTDVFLVCFSVVSPSSFENVKEKWVPEITHHCPKTPFLLVGTQIDLRDDPSTIEKLAKNKQKPITPETAEKLARDLKAVKYVECSALTQKGLKNVFDEAI
Q05062	CDC42_CAEEL	f3	new.f7	CDC42_CAEEL	Ras	Rho_fam	MQTIKCVVVGDGAVGKTCLLISYTTNKFPSEYVPTVFDNYAVTVMIGGEPYTLGLFDTAGQEDYDRLRPLSYPQTDVFLVCFSVVAPASFENVREKWVPEISHHCSKTPFLLVGTQVDLRDDPGMLEKLAKNKQKPVSTDVGEKLAKELKAVKYVECSALTQKGLKNVFDEAILAALDPPQQEKKKKCNIL	CDC42_CAEEL Cell division control protein 42 homolog OS=Caenorhabditis elegans OX=6239 GN=cdc-42 PE=1 SV=2	PF00071;	Small GTPase superfamily, Rho family, CDC42 subfamily	Cell division control protein 42 homolog (CDC42Ce)	5-173	KCVVVGDGAVGKTCLLISYTTNKFPSEYVPTVFDNYAVTVMIGGEPYTLGLFDTAGQEDYDRLRPLSYPQTDVFLVCFSVVAPASFENVREKWVPEISHHCSKTPFLLVGTQVDLRDDPGMLEKLAKNKQKPVSTDVGEKLAKELKAVKYVECSALTQKGLKNVFDEAI
Q8BG51	MIRO1_MOUSE	f3	new.f8	MIRO1_MOUSE	EF_assoc_1;EF_assoc_2;Ras	Mitoch_Rho_fam	MRAGRVRPLRASDMKKDVRILLVGEPRVGKTSLIMSLVSEEFPEEVPPRAEEITIPADVTPERVPTHIVDYSEAEQSDEQLHQEISQANVICIVYAVNNKHSIDKVTSRWIPLINERTDKDSRLPLILVGNKSDLVEYSSMETILPIMNQYTEIETCVECSAKNLKNISELFYYAQKAVLHPTGPLYCPEEKEMKPACIKALTRIFKISDQDNDGTLNDAELNFFQRICFNTPLAPQALEDVKNVVRKHLSDGVADSGLTLRGFLFLHTLFIQRGRHETTWTVLRRFGYDDDLDLTPEYLFPLLKIPPDCTTELNHHAYLFLQSTFDKHDLDRDCALSPDELKDLFQVFPYIPWGPDVNNTVCTNERGWITYQGFLSQWTLTTYLDVQRCLEYLGYLGYSILTEQESQASAITVTRDKKIDLQKKQTQRNVFRCNVIGVKGCGKTGVLQSLLGRNLMRQKKIRDDHKSYYAINTVYVYGQEKYLLLHDISESEFLTEAETICDVVCLVYDVTNPKSFEYCARIFKQHFMDSRIPCLIVAAKSDLHEVKQEHSISPTDFCRKHKMPPPQAFTCNTADAPSKDIFVKLTTMAMYPHVTQADLKSSTFWLRASFGATVFAVVGFAMYRALLKQR	MIRO1_MOUSE Mitochondrial Rho GTPase 1 OS=Mus musculus OX=10090 GN=Rhot1 PE=1 SV=1	PF08355;PF08356;PF00071;	Mitochondrial Rho GTPase family	Mitochondrial Rho GTPase 1 (MIRO-1) (EC 3.6.5.-) (Ras homolog gene family member T1)	19-178	RILLVGEPRVGKTSLIMSLVSEEFPEEVPPRAEEITIPADVTPERVPTHIVDYSEAEQSDEQLHQEISQANVICIVYAVNNKHSIDKVTSRWIPLINERTDKDSRLPLILVGNKSDLVEYSSMETILPIMNQYTEIETCVECSAKNLKNISELFYYAQKA
Q8IMX7	MIRO_DROME	f3	new.f8	MIRO_DROME	EF_assoc_1;EF_assoc_2;Ras	Mitoch_Rho_fam	MGQYTASQRKNVRILLVGDAGVGKTSLILSLVSEEYPEEVPPRAEEITIPANVTPEQVPTSIVDFSAVEQSEDALAAEINKAHVVCIVYAVDDDDTLDRITSHWLPLVRAKCNPSLDGEGDAEAEAEGDTQREPIRKPIVLVGNKIDLIEYSTMDSVLAIMEDYPEIESCVECSAKSLHNISEMFYYAQKAVLHPTSPLYMMEEQELTSACKKSLVRIFKICDIDGDNLLNDYELNLFQRRCFNTPLQPQILDEVKAVIQKNVPDGIYNDAVTLKGFLFLHCLFIQRGRNETTWAVLRRFGYNDQLEMCQEYLRPPLKIPPGSSTELSHRGQQFLIAVFERYDRDGDGALSPEEHKMLFSTCPAAPWSYSTDIRKSCPINETTGWVTLHGWLCRWTLMTLIDVVKTMEYLAYLGFNVHENDSQLAAIHVTRERRIDLAKRQSSRSVYKCHVIGPKGSGKTGMCRGFLVEDMHKLIGKEFKTNVVNCINSVQVYGQEKHLILRDIDVRHALDPLQPQEVNCDVACLVYDSSNPRSFEYVARIYIKYYAESKIPVMIVGTKCDMDERRQDYLMQPSEFCDKYKLLPPHLFSLKTNKKELYTKLATMAAFPHLRQFGLMTEDPKLWLKAGLGVAAATMLGFIVLKTISAAGAHTR	MIRO_DROME Mitochondrial Rho GTPase OS=Drosophila melanogaster OX=7227 GN=Miro PE=1 SV=1	PF08355;PF08356;PF00071;	Mitochondrial Rho GTPase family	Mitochondrial Rho GTPase (Miro) (dMiro) (EC 3.6.5.-)	13-191	RILLVGDAGVGKTSLILSLVSEEYPEEVPPRAEEITIPANVTPEQVPTSIVDFSAVEQSEDALAAEINKAHVVCIVYAVDDDDTLDRITSHWLPLVRAKCNPSLDGEGDAEAEAEGDTQREPIRKPIVLVGNKIDLIEYSTMDSVLAIMEDYPEIESCVECSAKSLHNISEMFYYAQKA
Q8JZN7	MIRO2_MOUSE	f3	new.f8	MIRO2_MOUSE	EF_assoc_1;EF_assoc_2;Ras	Mitoch_Rho_fam	MRRDVRILLLGEAQVGKTSLILSLVGEEFPEEVPARAEEITIPADVTPEKVPTHIVDYSEAEQTEEELQEEIHKANVVCVVYDVSEETTIEKIRTKWIPLVNGRTATGPRLPIILVGNKSDLRPGSTMEAVLPIMSQFPEIETCVECSAKHLRNISELFYYAQKAVLHPTAPLYDPEAKQLRPACAQALTRIFRLSDQDRDHGLSDEELNAFQKSCFGHPLAPQALEDVKRVVCKNVSGGVQNDRLTLEGFLFLNTLFIQRGRHETTWTILRRFGYSDSLELTPDYLYPALHVPPGCSTELNHRGYQFVQRMFEKHDQDHDGVLSPTELQNLFSVFSGAPWGPELLHTVPTQAGCLPLHGYLCQWTLMTYLDVQQCLAHLGYLGYPTLCEQDSQAQAITVTREKKLDQEKGQTQRSVLMCKVLGARGVGKSAFLQAFLGNSLGEARDPPEKFPLHTINTVRVNGQEKYLILCEVNADSLLDTSLDTTCDVACLMFDSSDPKTFVHCATIYKRYYMDGQTPCLFIASKADLPEGVAPPGLSPAEFCRRHRLPAPASFSCLGPAMPSTDVFTQLATMATFPHLVHTELHPTSFWLRGVLVAVGTAVAAVLSFSLYRVLVKSR	MIRO2_MOUSE Mitochondrial Rho GTPase 2 OS=Mus musculus OX=10090 GN=Rhot2 PE=1 SV=1	PF08355;PF08356;PF00071;	Mitochondrial Rho GTPase family	Mitochondrial Rho GTPase 2 (MIRO-2) (EC 3.6.5.-) (Ras homolog gene family member T2)	6-165	RILLLGEAQVGKTSLILSLVGEEFPEEVPARAEEITIPADVTPEKVPTHIVDYSEAEQTEEELQEEIHKANVVCVVYDVSEETTIEKIRTKWIPLVNGRTATGPRLPIILVGNKSDLRPGSTMEAVLPIMSQFPEIETCVECSAKHLRNISELFYYAQKA
Q94263	MIRO_CAEEL	f3	new.f8	MIRO1_CAEEL	EF-hand_5;EF_assoc_1;EF_assoc_2;Ras	Mitoch_Rho_fam	MSDDETLADVRIVLIGDEGCGKTSLVMSLLEDEWVDAVPRRLDRVLIPADVTPENVTTSIVDLSIKEEDENWIVSEIRQANVICVVYSVTDESTVDGIQTKWLPLIRQSFGEYHETPVILVGNKSDGTANNTDKILPIMEANTEVETCVECSARTMKNVSEIFYYAQKAVIYPTRPLYDADTKQLTDRARKALIRVFKICDRDNDGYLSDTELNDFQKLCFGIPLTSTALEDVKRAVSDGCPDGVANDSLMLAGFLYLHLLFIERGRHETTWAVLRKFGYETSLKLSEDYLYPRITIPVGCSTELSPEGVQFVSALFEKYDEDKDGCLSPSELQNLFSVCPVPVITKDNILALETNQRGWLTYNGYMAYWNMTTLINLTQTFEQLAYLGFPVGRSGPGRAGNTLDSIRVTRERKKDLENHGTDRKVFQCLVVGAKDAGKTVFMQSLAGRGMADVAQIGRRHSPFVINRVRVKEESKYLLLREVDVLSPQDALGSGETSADVVAFLYDISNPDSFAFCATVYQKYFYRTKTPCVMIATKVEREEVDQRWEVPPEEFCRQFELPKPIKFSTGNIGQSSSPIFEQLAMMAVYPHLRRVFYLNDSNLLSKITFGAAIVALAGFLVLKNL	MIRO1_CAEEL Mitochondrial Rho GTPase 1 OS=Caenorhabditis elegans OX=6239 GN=miro-1 PE=3 SV=1	PF13202;PF08355;PF08356;PF00071;	Mitochondrial Rho GTPase family	Mitochondrial Rho GTPase 1 (Miro) (EC 3.6.5.-)	11-169	RIVLIGDEGCGKTSLVMSLLEDEWVDAVPRRLDRVLIPADVTPENVTTSIVDLSIKEEDENWIVSEIRQANVICVVYSVTDESTVDGIQTKWLPLIRQSFGEYHETPVILVGNKSDGTANNTDKILPIMEANTEVETCVECSARTMKNVSEIFYYAQKA
Q9D0P8	RAYL_MOUSE	f3	new.f6	IFT27_MOUSE	Ras	Rab_fam	MVKLAAKCILAGDPAVGKTALVQMFRSDGTHFQKNYTLTTGVDLVVKTVPVLDTNDSVELFIFDSAGKELFSEMLDKLWENPNVLCLVYDVTNEQSFISCTKWLEKVRSQTSGISLPGVLVGTKTDLAGRQTVDSAQAQVWALSQGLEFFETSVKEMDNYEAPFHCLAKQFYQLYREKVDIFHTLV	IFT27_MOUSE Intraflagellar transport protein 27 homolog OS=Mus musculus OX=10090 GN=Ift27 PE=1 SV=1	PF00071;	Small GTPase superfamily, Rab family	Intraflagellar transport protein 27 homolog (Putative GTP-binding protein RAY-like) (Rab-like protein 4)	7-170	KCILAGDPAVGKTALVQMFRSDGTHFQKNYTLTTGVDLVVKTVPVLDTNDSVELFIFDSAGKELFSEMLDKLWENPNVLCLVYDVTNEQSFISCTKWLEKVRSQTSGISLPGVLVGTKTDLAGRQTVDSAQAQVWALSQGLEFFETSVKEMDNYEAPFHCLAKQ
F4J0W4	MIRO2_ARATH	f3	new.f8	MIRO2_ARATH	EF_assoc_1;EF_assoc_2;Ras	Mitoch_Rho_fam	MMLGGKSSAGGRTSLRVAVAGDKGTGKSSLISAVASETFPDNVPRVLPPITLPADAFPDYIPITIVDTPSSIDNRIKLIEEFRKADVVLLTYACDQPSTLDRLSSYWLPELRRLEIKAPVIVVGCKLDLRDERSPARLEDIMSPIMKEYREIETCIECSALTLIQVPDVFYFASKAVLHPTFPLFDQEKQCLKPRLRRAVQRIFNLCDHDLDGALNDAELNDFQVNCFGAPLDPVELMGVKKVVQERQPDGVTDLGLTLPGFLFLFSLFIERGRPETAWAILRKCGYNDSLELHAELLPVPAKQSPDQSIELTNEAMDFLSGIFQLYDLDNDGALQPAELDDLFQTAPDSPWLEDPYKEAAEKTPGGSLTINGFLSEWALMTLLDPRKSLANLTYIGYGHDPASTFSVTRKRSVDRKKQRTERNVFQCFVFGPKKSGKSALLDSFLGRKFSNSYKATMGERYAANVIDQPGGSKKTLILREIPEDRVKKFLTNKESLAACDVAVVVYDSSDVYSWRKAREILMEVARRGEERGYGTPCLLVAAKDDLDPYPMSVQESDRVCMELGIDIPVSLSMKLGEPNSLFSRIVSTAENPHMSIPETESGRRSRNIRQLVNSSLLFVSVGTAVGFAGLAAYRAYSARKNA	MIRO2_ARATH Mitochondrial Rho GTPase 2 OS=Arabidopsis thaliana OX=3702 GN=MIRO2 PE=2 SV=1	PF08355;PF08356;PF00071;	Mitochondrial Rho GTPase family	Mitochondrial Rho GTPase 2 (AtMIRO2) (EC 3.6.5.-) (Calcium-binding GTPase) (AtCBG) (Miro-related GTPase 2)	16-176	RVAVAGDKGTGKSSLISAVASETFPDNVPRVLPPITLPADAFPDYIPITIVDTPSSIDNRIKLIEEFRKADVVLLTYACDQPSTLDRLSSYWLPELRRLEIKAPVIVVGCKLDLRDERSPARLEDIMSPIMKEYREIETCIECSALTLIQVPDVFYFASKA
Q8RXF8	MIRO1_ARATH	f3	new.f8	MIRO1_ARATH	EF_assoc_1;EF_assoc_2;Ras	Mitoch_Rho_fam	MARYAAGAVDCPGSPKSVRIVVVGDKGTGKSSLIVAAATDSFPPNVPPVLPDYKLPIEFFPDGIPVTIVDTSSRPEDRDIVAEELKRADAVVLTYACDRPETLERLSEYWLPELRRLEVKIPIIVAGCKLDFRDDNNQVSLEQVMSPIMQQFREIETCIECSALKQLQAQEVFYYAQKTVLHPTGPLFDQDSQALKPRCVRALKRIFILCDHDRDGALSEAELNDFQVKCFHAPLQPSEIEGVKRVVQEKLPEGVNERGLTVTGFLFLHALFIEKGRLETTWTVLRKFGYNNDIRLAEELLPSAIFKRAPDQSFELTNAAIDFLKGMYMLFDDDQDNNLRPQEIEDLFSTAPESPWKEAPYEDAAEKTALGGLSFDAFLSMWSLMTLLEPARSVENLIYIGFPGDPSTAIRVTRRRRLDRKKQQCERKVFQCFVFGPNNAGKSALLNCFLGRSYTDNQESTTDERYAVNMVDESGAKKTLIMREIPEDGVQGLFSSKESLAACDIAVFVYDSSDESSWKRATQLLVEVANYGEATGYEVPCLMVSAKDDLDSSPISIQESTRMTQDMGIEPPVSISSKLGDFNNLFRKILTAAQHPHLSIPETEAGKSRKHYNRLINRSLMAVSIGAAAVVVGLAAYRVYATRKSSSA	MIRO1_ARATH Mitochondrial Rho GTPase 1 OS=Arabidopsis thaliana OX=3702 GN=MIRO1 PE=1 SV=1	PF08355;PF08356;PF00071;	Mitochondrial Rho GTPase family	Mitochondrial Rho GTPase 1 (AtMIRO1) (EC 3.6.5.-) (Miro-related GTPase 1)	19-179	RIVVVGDKGTGKSSLIVAAATDSFPPNVPPVLPDYKLPIEFFPDGIPVTIVDTSSRPEDRDIVAEELKRADAVVLTYACDRPETLERLSEYWLPELRRLEVKIPIIVAGCKLDFRDDNNQVSLEQVMSPIMQQFREIETCIECSALKQLQAQEVFYYAQKT
Q9MA88	MIRO3_ARATH	f3	new.f8	MIRO3_ARATH	EF_assoc_1;EF_assoc_2;MMR_HSR1;Ras	Mitoch_Rho_fam	MWMGVGDSSGSPKPIRIVVVGEKGSGKSSLIMAAARNTFHPNIPSLLPYTNLPSEFFPDRIPATVIDTSSRPEDKGKVVKEVRQADAIVLTFAFDRPETLDRLSKYWLPLFRQLEVRVPIIVAGYEVDNKEAYNHFSIEQITSALMKQYREVETSIQWSAQRLDQAKDVLYYAQKAVIDPVGPVFDQENNVLKPRCIAALKRIFLLSDHNMDGILSDEELNELQKKCFDTPLVPCEIKQMKNVMQVTFPQGVNERGLTLDGFLFLNTRLIEEARIQTLWTMLRKFGYSNDLRLGDDLVPYSSFKRQADQSVELTNVAIEFLREVYEFFDSNGDNNLEPHEMGYLFETAPESPWTKPLYKDVTEENMDGGLSLEAFLSLWSLMTLIDPPRSLEYLMYIRFPSDDPSSAVRVTRKRVLDRKEKKSERKVVQCFVFGPKNAGKSALLNQFIGRSYDDDSNNNNGSTDEHYAVNMVKEPGVISDTDKTLVLKEVRIKDDGFMLSKEALAACDVAIFIYDSSDEYSWNRAVDMLAEVATIAKDSGYVFPCLMVAAKTDLDPFPVAIQESTRVTQDIGIDAPIPISSKLGDVSNLFRKILTAAENPHLNIPEIESKKKRSCKLNNRSLMAVSIGTAVLIAGLASFRLYTARKQS	MIRO3_ARATH Mitochondrial Rho GTPase 3 OS=Arabidopsis thaliana OX=3702 GN=MIRO3 PE=2 SV=1	PF08355;PF08356;PF01926;PF00071;	Mitochondrial Rho GTPase family	Mitochondrial Rho GTPase 3 (AtMIRO3) (EC 3.6.5.-) (Miro-related GTPase 3)	16-175	RIVVVGEKGSGKSSLIMAAARNTFHPNIPSLLPYTNLPSEFFPDRIPATVIDTSSRPEDKGKVVKEVRQADAIVLTFAFDRPETLDRLSKYWLPLFRQLEVRVPIIVAGYEVDNKEAYNHFSIEQITSALMKQYREVETSIQWSAQRLDQAKDVLYYAQK
O04157	RAB7_ARATH	f4	new.f11	RAG3B_ARATH	Ras	Rab_fam	MSTRRRTLLKVIILGDSGVGKTSLMNQYVNNKFSQQYKATIGADFVTKELQIDDRLVTLQIWDTAGQERFQSLGVAFYRGADCCVLVYDVNHLKSFESLDNWHNEFLTRASPRDPMAFPFILLGNKVDIDGGNSRVVSEKKAREWCAEKGNIVYFETSAKEDYNVDDSFLCITKLALANERDQDIYFQPDTGSVPEQRGGCAC	RAG3B_ARATH Ras-related protein RABG3b OS=Arabidopsis thaliana OX=3702 GN=RABG3B PE=1 SV=1	PF00071;	Small GTPase superfamily, Rab family	Ras-related protein RABG3b (AtRABG3b) (Ras-related protein Rab75) (AtRab75)	10-174	KVIILGDSGVGKTSLMNQYVNNKFSQQYKATIGADFVTKELQIDDRLVTLQIWDTAGQERFQSLGVAFYRGADCCVLVYDVNHLKSFESLDNWHNEFLTRASPRDPMAFPFILLGNKVDIDGGNSRVVSEKKAREWCAEKGNIVYFETSAKEDYNVDDSFLCITK
P01123	YPT1_YEAST	f4	new.f11	YPT1_YEAST	Ras	Rab_fam	MNSEYDYLFKLLLIGNSGVGKSCLLLRFSDDTYTNDYISTIGVDFKIKTVELDGKTVKLQIWDTAGQERFRTITSSYYRGSHGIIIVYDVTDQESFNGVKMWLQEIDRYATSTVLKLLVGNKCDLKDKRVVEYDVAKEFADANKMPFLETSALDSTNVEDAFLTMARQIKESMSQQNLNETTQKKEDKGNVNLKGQSLTNTGGGCC	YPT1_YEAST GTP-binding protein YPT1 OS=Saccharomyces cerevisiae (strain ATCC 204508 / S288c) OX=559292 GN=YPT1 PE=1 SV=2	PF00071;	Small GTPase superfamily, Rab family	GTP-binding protein YPT1 (Protein YP2) (Rab GTPase YPT1) (Transport GTPase YPT1)	10-169	KLLLIGNSGVGKSCLLLRFSDDTYTNDYISTIGVDFKIKTVELDGKTVKLQIWDTAGQERFRTITSSYYRGSHGIIIVYDVTDQESFNGVKMWLQEIDRYATSTVLKLLVGNKCDLKDKRVVEYDVAKEFADANKMPFLETSALDSTNVEDAFLTMARQI
P28188	RBD2A_ARATH	f4	new.f11	RAD2A_ARATH	Ras	Rab_fam	MNPEYDYLFKLLLIGDSGVGKSCLLLRFSDDSYVESYISTIGVDFKIRTVEQDGKTIKLQIWDTAGQERFRTITSSYYRGAHGIIIVYDVTDEESFNNVKQWLSEIDRYASDNVNKLLVGNKSDLTENRAIPYETAKAFADEIGIPFMETSAKDATNVEQAFMAMSASIKERMASQPAGNNARPPTVQIRGQPVAQKNGCCST	RAD2A_ARATH Ras-related protein RABD2a OS=Arabidopsis thaliana OX=3702 GN=RABD2A PE=1 SV=3	PF00071;	Small GTPase superfamily, Rab family	Ras-related protein RABD2a (AtRABD2a) (Ras-related protein Ara-5) (Ras-related protein Rab1B) (AtRab1B)	10-167	KLLLIGDSGVGKSCLLLRFSDDSYVESYISTIGVDFKIRTVEQDGKTIKLQIWDTAGQERFRTITSSYYRGAHGIIIVYDVTDEESFNNVKQWLSEIDRYASDNVNKLLVGNKSDLTENRAIPYETAKAFADEIGIPFMETSAKDATNVEQAFMAMSA
P32939	YPT7_YEAST	f4	new.f11	YPT7_YEAST	Ras	Rab_fam	MSSRKKNILKVIILGDSGVGKTSLMHRYVNDKYSQQYKATIGADFLTKEVTVDGDKVATMQVWDTAGQERFQSLGVAFYRGADCCVLVYDVTNASSFENIKSWRDEFLVHANVNSPETFPFVILGNKIDAEESKKIVSEKSAQELAKSLGDIPLFLTSAKNAINVDTAFEEIARSALQQNQADTEAFEDDYNDAINIRLDGENNSCSC	YPT7_YEAST Ypt/Rab-type GTPase YPT7 OS=Saccharomyces cerevisiae (strain ATCC 204508 / S288c) OX=559292 GN=YPT7 PE=1 SV=1	PF00071;	Small GTPase superfamily, Rab family	Ypt/Rab-type GTPase YPT7 (Ypt7p) (Vacuolar morphology protein 4)	10-175	KVIILGDSGVGKTSLMHRYVNDKYSQQYKATIGADFLTKEVTVDGDKVATMQVWDTAGQERFQSLGVAFYRGADCCVLVYDVTNASSFENIKSWRDEFLVHANVNSPETFPFVILGNKIDAEESKKIVSEKSAQELAKSLGDIPLFLTSAKNAINVDTAFEEIARS
P35292	RAB17_MOUSE	f4	new.f11	RAB17_MOUSE	Ras	Rab_fam	MAQAAGLPQASTASGQPYVSKLVLLGSSSVGKTSLALRYMKQDFSNVLPTVGCAFFTKVLDLGSSSLKLEIWDTAGQEKYQSVCHLYFRGANAALLVYDITRKDSFHKAQQWLEDLEKEFQPGEVVVMLVGNKTDLGEEREVTFQEGKEFAESKSLLFMETSAKLNYQVSEIFNTVAQELLQRAGDTGSSRPQEGEAVALNQEPPIRQRQCCAR	RAB17_MOUSE Ras-related protein Rab-17 OS=Mus musculus OX=10090 GN=Rab17 PE=1 SV=1	PF00071;	Small GTPase superfamily, Rab family	Ras-related protein Rab-17 (EC 3.6.5.2)	21-179	KLVLLGSSSVGKTSLALRYMKQDFSNVLPTVGCAFFTKVLDLGSSSLKLEIWDTAGQEKYQSVCHLYFRGANAALLVYDITRKDSFHKAQQWLEDLEKEFQPGEVVVMLVGNKTDLGEEREVTFQEGKEFAESKSLLFMETSAKLNYQVSEIFNTVAQE
P35293	RAB18_MOUSE	f4	new.f11	RAB18_MOUSE	Ras	Rab_fam	MDEDVLTTLKILIIGESGVGKSSLLLRFTDDTFDPELAATIGVDFKVKTISVDGNKAKLAIWDTAGQERFRTLTPSYYRGAQGVILVYDVTRRDTFVKLDNWLNELETYCTRNDIVNMLVGNKIDKENREVDRNEGLKFARKHSMLFIEASAKTCDGVQCAFEELVEKIIQTPGLWESENQNKGVKLSHREESRGGGACGGYCSVL	RAB18_MOUSE Ras-related protein Rab-18 OS=Mus musculus OX=10090 GN=Rab18 PE=1 SV=2	PF00071;	Small GTPase superfamily, Rab family	Ras-related protein Rab-18 (EC 3.6.5.2)	10-169	KILIIGESGVGKSSLLLRFTDDTFDPELAATIGVDFKVKTISVDGNKAKLAIWDTAGQERFRTLTPSYYRGAQGVILVYDVTRRDTFVKLDNWLNELETYCTRNDIVNMLVGNKIDKENREVDRNEGLKFARKHSMLFIEASAKTCDGVQCAFEELVEKI
P35294	RAB19_MOUSE	f4	new.f11	RAB19_MOUSE	Ras	Rab_fam	MQFSSSSRTSDENVDYLFKVILIGDSNVGKTCVVQHFKSGVYSESQQNTIGVDFTVRSLEIDGKKVKMQVWDTAGQERFRTITQSYYRSAHAAIIAYDLTRRSTFESVPHWIHEIEKYGAANLVIMLIGNKSDLWEKRHVLFEDACTLAEKHGLLAVLETSAKESRNIDEVFVLMAKELIARNSLHLYGESAQQGLSQDSSPVLVAQVPNESTRCTC	RAB19_MOUSE Ras-related protein Rab-19 OS=Mus musculus OX=10090 GN=Rab19 PE=1 SV=3	PF00071;	Small GTPase superfamily, Rab family	Ras-related protein Rab-19 (EC 3.6.5.2)	19-178	KVILIGDSNVGKTCVVQHFKSGVYSESQQNTIGVDFTVRSLEIDGKKVKMQVWDTAGQERFRTITQSYYRSAHAAIIAYDLTRRSTFESVPHWIHEIEKYGAANLVIMLIGNKSDLWEKRHVLFEDACTLAEKHGLLAVLETSAKESRNIDEVFVLMAKE
P36019	YPT53_YEAST	f4	new.f11	YPT53_YEAST	Ras	Rab_fam	MDKHTAAIPTLTIKVVLLGESAVGKSSIVLRFVSDDFKESKEPTIGAAFLTKRITRDGKVIKFEIWDTAGQERFAPLAPMYYRNAQAALVVFDVTNEGSFYKAQNWVEELHEKVGHDIVIALVGNKMDLLNNDDENENRAMKAPAVQNLCERENLLYFEASAKTGENIYQIFQTLGEKVPCPEQNTRQSSTHDRTITDNQRIDLESTTVESTRETGGCNC	YPT53_YEAST GTP-binding protein YPT53 OS=Saccharomyces cerevisiae (strain ATCC 204508 / S288c) OX=559292 GN=YPT53 PE=1 SV=1	PF00071;	Small GTPase superfamily, Rab family	GTP-binding protein YPT53	14-178	KVVLLGESAVGKSSIVLRFVSDDFKESKEPTIGAAFLTKRITRDGKVIKFEIWDTAGQERFAPLAPMYYRNAQAALVVFDVTNEGSFYKAQNWVEELHEKVGHDIVIALVGNKMDLLNNDDENENRAMKAPAVQNLCERENLLYFEASAKTGENIYQIFQTLGEK
P51150	RAB7A_MOUSE	f4	new.f11	RAB7A_MOUSE	Ras	Rab_fam	MTSRKKVLLKVIILGDSGVGKTSLMNQYVNKKFSNQYKATIGADFLTKEVMVDDRLVTMQIWDTAGQERFQSLGVAFYRGADCCVLVFDVTAPNTFKTLDSWRDEFLIQASPRDPENFPFVVLGNKIDLENRQVATKRAQAWCYSKNNIPYFETSAKEAINVEQAFQTIARNALKQETEVELYNEFPEPIKLDKNDRAKASAESCSC	RAB7A_MOUSE Ras-related protein Rab-7a OS=Mus musculus OX=10090 GN=Rab7a PE=1 SV=2	PF00071;	Small GTPase superfamily, Rab family	Ras-related protein Rab-7a (EC 3.6.5.2)	10-172	KVIILGDSGVGKTSLMNQYVNKKFSNQYKATIGADFLTKEVMVDDRLVTMQIWDTAGQERFQSLGVAFYRGADCCVLVFDVTAPNTFKTLDSWRDEFLIQASPRDPENFPFVVLGNKIDLENRQVATKRAQAWCYSKNNIPYFETSAKEAINVEQAFQTIARN
P51996	YPT32_YEAST	f4	new.f11	YPT32_YEAST	Ras	Rab_fam	MSNEDYGYDYDYLFKIVLIGDSGVGKSNLLSRFTTDEFNIESKSTIGVEFATRTIEVENKKIKAQIWDTAGQERYRAITSAYYRGAVGALIVYDISKSSSYENCNHWLTELRENADDNVAVGLIGNKSDLAHLRAVPTDEAKNFAMENQMLFTETSALNSDNVDKAFRELIVAIFQMVSKHQVDLSGSGTNNMGSNGAPKGPTISLTPAPKEDKKKKSSNCC	YPT32_YEAST GTP-binding protein YPT32/YPT11 OS=Saccharomyces cerevisiae (strain ATCC 204508 / S288c) OX=559292 GN=YPT32 PE=1 SV=3	PF00071;	Small GTPase superfamily, Rab family	GTP-binding protein YPT32/YPT11 (Rab GTPase YPT32)	15-173	KIVLIGDSGVGKSNLLSRFTTDEFNIESKSTIGVEFATRTIEVENKKIKAQIWDTAGQERYRAITSAYYRGAVGALIVYDISKSSSYENCNHWLTELRENADDNVAVGLIGNKSDLAHLRAVPTDEAKNFAMENQMLFTETSALNSDNVDKAFRELIVA
P61027	RAB10_MOUSE	f4	new.f11	RAB10_MOUSE	Ras	Rab_fam	MAKKTYDLLFKLLLIGDSGVGKTCVLFRFSDDAFNTTFISTIGIDFKIKTVELQGKKIKLQIWDTAGQERFHTITTSYYRGAMGIMLVYDITNGKSFENISKWLRNIDEHANEDVERMLLGNKCDMDDKRVVPKGKGEQIAREHGIRFFETSAKANINIEKAFLTLAEDILRKTPVKEPNSENVDISSGGGVTGWKSKCC	RAB10_MOUSE Ras-related protein Rab-10 OS=Mus musculus OX=10090 GN=Rab10 PE=1 SV=1	PF00071;	Small GTPase superfamily, Rab family	Ras-related protein Rab-10 (EC 3.6.5.2)	11-170	KLLLIGDSGVGKTCVLFRFSDDAFNTTFISTIGIDFKIKTVELQGKKIKLQIWDTAGQERFHTITTSYYRGAMGIMLVYDITNGKSFENISKWLRNIDEHANEDVERMLLGNKCDMDDKRVVPKGKGEQIAREHGIRFFETSAKANINIEKAFLTLAEDI
P62821	RAB1A_MOUSE	f4	new.f11	RAB1A_MOUSE	Ras	Rab_fam	MSSMNPEYDYLFKLLLIGDSGVGKSCLLLRFADDTYTESYISTIGVDFKIRTIELDGKTIKLQIWDTAGQERFRTITSSYYRGAHGIIVVYDVTDQESFNNVKQWLQEIDRYASENVNKLLVGNKCDLTTKKVVDYTTAKEFADSLGIPFLETSAKNATNVEQSFMTMAAEIKKRMGPGATAGGAEKSNVKIQSTPVKQSGGGCC	RAB1A_MOUSE Ras-related protein Rab-1A OS=Mus musculus OX=10090 GN=Rab1a PE=1 SV=3	PF00071;	Small GTPase superfamily, Rab family	Ras-related protein Rab-1A (EC 3.6.5.2) (YPT1-related protein)	13-172	KLLLIGDSGVGKSCLLLRFADDTYTESYISTIGVDFKIRTIELDGKTIKLQIWDTAGQERFRTITSSYYRGAHGIIVVYDVTDQESFNNVKQWLQEIDRYASENVNKLLVGNKCDLTTKKVVDYTTAKEFADSLGIPFLETSAKNATNVEQSFMTMAAEI
Q8K386	RAB15_MOUSE	f4	new.f11	RAB15_MOUSE	Ras	Rab_fam	MAKQYDVLFRLLLIGDSGVGKTCLLCRFTDNEFHSSHISTIGVDFKMKTIDVDGIKVRIQIWDTAGQERYQTITKQYYRRAQGIFLVYDISSERSYQHIMKWVSDVDEYAPEGVQKILIGNKADEEQKRQVGREQGQQLAKEYGMDFYETSACTNLNIKESFTRLTELVLQAHRKELDGLRTRASNELALAELEEDEGKPEGPANSSKTCWC	RAB15_MOUSE Ras-related protein Rab-15 OS=Mus musculus OX=10090 GN=Rab15 PE=1 SV=1	PF00071;	Small GTPase superfamily, Rab family	Ras-related protein Rab-15 (EC 3.6.5.2)	10-167	RLLLIGDSGVGKTCLLCRFTDNEFHSSHISTIGVDFKMKTIDVDGIKVRIQIWDTAGQERYQTITKQYYRRAQGIFLVYDISSERSYQHIMKWVSDVDEYAPEGVQKILIGNKADEEQKRQVGREQGQQLAKEYGMDFYETSACTNLNIKESFTRLTE
Q8MXS1	RAB18_CAEEL	f4	new.f11	RAB18_CAEEL	Ras	Rab_fam	MSDDSSSPLTTLKILIIGESGVGKSSLMLRFVDDVFDPEQAATIGVDFRVTSMAIDGNRVKLAIWDTAGQERFRTLTPSYYRGAQGVICVYDVTSRSSFEKLNHWMQEVDTYCTNDNIIKMMVANKIDMPNRVVTREEGLKFAKRHRTLFIEASAKTKEGVQCTFEELIEKIIQTPDLWDNDRPSFRLGQPTGSSGGGGMCGC	RAB18_CAEEL Ras-related protein Rab-18 OS=Caenorhabditis elegans OX=6239 GN=rab-18 PE=3 SV=1	PF00071;	Small GTPase superfamily, Rab family	Ras-related protein Rab-18 (EC 3.6.5.2)	13-172	KILIIGESGVGKSSLMLRFVDDVFDPEQAATIGVDFRVTSMAIDGNRVKLAIWDTAGQERFRTLTPSYYRGAQGVICVYDVTSRSSFEKLNHWMQEVDTYCTNDNIIKMMVANKIDMPNRVVTREEGLKFAKRHRTLFIEASAKTKEGVQCTFEELIEKI
Q8VEA8	RAB7B_MOUSE	f4	new.f11	RAB7B_MOUSE	Ras	Rab_fam	MNPRKKVDLKLIIVGALGVGKTSLLHQYVHKTFFEEYQTTLGASILSKIIILDDTTLKLQIWDTGGQERFRSMVSTFYKGSDGCILAFDVTDPESFEALDIWRDDVLAKIIPMEQSYPMVVLGNKIDLEDRKVSQEVVHGWCKEKDMPYFEVSAKNDINVVQAFEVLASRALLRYQGTAENHLIDSIKLSPGQPKSRCC	RAB7B_MOUSE Ras-related protein Rab-7b OS=Mus musculus OX=10090 GN=Rab7b PE=1 SV=1	PF00071;	Small GTPase superfamily, Rab family	Ras-related protein Rab-7b	10-169	KLIIVGALGVGKTSLLHQYVHKTFFEEYQTTLGASILSKIIILDDTTLKLQIWDTGGQERFRSMVSTFYKGSDGCILAFDVTDPESFEALDIWRDDVLAKIIPMEQSYPMVVLGNKIDLEDRKVSQEVVHGWCKEKDMPYFEVSAKNDINVVQAFEVLAS
Q91V41	RAB14_MOUSE	f4	new.f11	RAB14_MOUSE	Ras	Rab_fam	MATAPYNYSYIFKYIIIGDMGVGKSCLLHQFTEKKFMADCPHTIGVEFGTRIIEVSGQKIKLQIWDTAGQERFRAVTRSYYRGAAGALMVYDITRRSTYNHLSSWLTDARNLTNPNTVIILIGNKADLEAQRDVTYEEAKQFAEENGLLFLEASAKTGENVEDAFLEAAKKIYQNIQDGSLDLNAAESGVQHKPSAPQGGRLTSEPQPQREGCGC	RAB14_MOUSE Ras-related protein Rab-14 OS=Mus musculus OX=10090 GN=Rab14 PE=1 SV=3	PF00071;	Small GTPase superfamily, Rab family	Ras-related protein Rab-14 (EC 3.6.5.2)	13-172	KYIIIGDMGVGKSCLLHQFTEKKFMADCPHTIGVEFGTRIIEVSGQKIKLQIWDTAGQERFRAVTRSYYRGAAGALMVYDITRRSTYNHLSSWLTDARNLTNPNTVIILIGNKADLEAQRDVTYEEAKQFAEENGLLFLEASAKTGENVEDAFLEAAKKI
Q91YQ1	RAB7L_MOUSE	f4	new.f11	RAB7L_MOUSE	Ras	Rab_fam	MGSRDHLFKVLVVGDAAVGKTSLVQRYSQDSFSKHYKSTVGVDFALKVLQWSDSEMVRLQLWDIAGQERFTSMTRLYYRDASACVIMFDVTNATTFSNSQRWKQDLDSKLTLPSGEPVPCLLLANKSDLSPWAVSRDQIDRFSKENGFTGWTETSVKENKNINEAMRVLVEKMMNNSREDVMSLSTQGNYINLQAKPSSGWTCC	RAB7L_MOUSE Ras-related protein Rab-7L1 OS=Mus musculus OX=10090 GN=Rab29 PE=1 SV=1	PF00071;	Small GTPase superfamily, Rab family	Ras-related protein Rab-7L1 (Rab-7-like protein 1) (Ras-related protein Rab-29)	9-173	KVLVVGDAAVGKTSLVQRYSQDSFSKHYKSTVGVDFALKVLQWSDSEMVRLQLWDIAGQERFTSMTRLYYRDASACVIMFDVTNATTFSNSQRWKQDLDSKLTLPSGEPVPCLLLANKSDLSPWAVSRDQIDRFSKENGFTGWTETSVKENKNINEAMRVLVEKM
Q99260	YPT6_YEAST	f4	new.f11	YPT6_YEAST	Ras	Rab_fam	MSRSGKSLTKYKIVFLGEQGVGKTSLITRFMYDTFDDHYQATIGIDFLSKTMYLDDKTIRLQLWDTAGQERFRSLIPSYIRDSRVAIIVYDITKRKSFEYIDKWIEDVKNERGDENVILCIVGNKSDLSDERQISTEEGEKKAKLLGAKIFMETSTKAGYNVKALFKKIAKSLPEFQNSESTPLDSENANSANQNKPGVIDISTAEEQEQSACQC	YPT6_YEAST GTP-binding protein YPT6 OS=Saccharomyces cerevisiae (strain ATCC 204508 / S288c) OX=559292 GN=YPT6 PE=1 SV=1	PF00071;	Small GTPase superfamily, Rab family	GTP-binding protein YPT6	12-172	KIVFLGEQGVGKTSLITRFMYDTFDDHYQATIGIDFLSKTMYLDDKTIRLQLWDTAGQERFRSLIPSYIRDSRVAIIVYDITKRKSFEYIDKWIEDVKNERGDENVILCIVGNKSDLSDERQISTEEGEKKAKLLGAKIFMETSTKAGYNVKALFKKIAKS
Q9D1G1	RAB1B_MOUSE	f4	new.f11	RAB1B_MOUSE	Ras	Rab_fam	MNPEYDYLFKLLLIGDSGVGKSCLLLRFADDTYTESYISTIGVDFKIRTIELDGKTIKLQIWDTAGQERFRTITSSYYRGAHGIIVVYDVTDQESYANVKQWLQEIDRYASENVNKLLVGNKSDLTTKKVVDNTTAKEFADSLGVPFLETSAKNATNVEQAFMTMAAEIKKRMGPGAASGGERPNLKIDSTPVKPASGGCC	RAB1B_MOUSE Ras-related protein Rab-1B OS=Mus musculus OX=10090 GN=Rab1b PE=1 SV=1	PF00071;	Small GTPase superfamily, Rab family	Ras-related protein Rab-1B (EC 3.6.5.2)	10-169	KLLLIGDSGVGKSCLLLRFADDTYTESYISTIGVDFKIRTIELDGKTIKLQIWDTAGQERFRTITSSYYRGAHGIIVVYDVTDQESYANVKQWLQEIDRYASENVNKLLVGNKSDLTTKKVVDNTTAKEFADSLGVPFLETSAKNATNVEQAFMTMAAEI
Q9DD03	RAB13_MOUSE	f4	new.f11	RAB13_MOUSE	Ras	Rab_fam	MAKAYDHLFKLLLIGDSGVGKTCLIIRFAEDNFNSTYISTIGIDFKIRTVDIEGKRIKLQVWDTAGQERFKTITTAYYRGAMGIILVYDITDEKSFENIQNWMKSIKENASAGVERLLLGNKCDMEAKRQVQREQAEKLAREHRIRFFETSAKSSVNVDEAFSSLARDILLKTGGRRSGTNSKPSSTGLKTSDKKKNKCLLG	RAB13_MOUSE Ras-related protein Rab-13 OS=Mus musculus OX=10090 GN=Rab13 PE=1 SV=1	PF00071;	Small GTPase superfamily, Rab family	Ras-related protein Rab-13 (EC 3.6.5.2)	10-169	KLLLIGDSGVGKTCLIIRFAEDNFNSTYISTIGIDFKIRTVDIEGKRIKLQVWDTAGQERFKTITTAYYRGAMGIILVYDITDEKSFENIQNWMKSIKENASAGVERLLLGNKCDMEAKRQVQREQAEKLAREHRIRFFETSAKSSVNVDEAFSSLARDI
E9Q9D5	RBL2A_MOUSE	f4	new.f9	RBL2A_MOUSE	Ras	Rab_fam	MAGDRNRHCELEQEKYDTHENVKIICLGDSAVGKSKLMERFLMDGFQPQQLSTYALTLYKHTATVDGKTILVDFWDTAGQERFQSMHASYYHKAHACIMVFDVQRKITYKNLGTWYAELREFRPEIPCILVANKIDADIQMTQKNFSFAKKFSLPLYFVSAADGTNVVKLFNDAIRLAVAYKESSQDFMDEVLQELENFKLEQKEEDTSGQEQSDTTKSPSPS	RBL2A_MOUSE Rab-like protein 2A OS=Mus musculus OX=10090 GN=Rabl2 PE=1 SV=1	PF00071;	Small GTPase superfamily, Rab family	Rab-like protein 2A	23-176	KIICLGDSAVGKSKLMERFLMDGFQPQQLSTYALTLYKHTATVDGKTILVDFWDTAGQERFQSMHASYYHKAHACIMVFDVQRKITYKNLGTWYAELREFRPEIPCILVANKIDADIQMTQKNFSFAKKFSLPLYFVSAADGTNVVKLFNDAIR
O18332	O18332_DROME	f4	new.f11	O18332_DROME	Ras	Rab_fam	MSSVNPEYDYLFKLLLIGDSGVGKSCLLLRFADDTYTESYISTIGVDFKIRTIELDGKTIKLQIWDTAGQERFRTITSSYYRGAHGIIVVYDCTDQESFNNVKQWLEEIERYACENVNKLLVGNKSDLTTKKVVDHTTAAEYAAQLGIPFLETSAKSATNVEQAFMTMAAEIKNRVGPPSSATDNASKVKIDQGRPVENTKSGCC	O18332_DROME FI01544p OS=Drosophila melanogaster OX=7227 GN=Rab1 PE=1 SV=1	PF00071;	Small GTPase superfamily, Rab family	FI01544p (Rab1)	13-172	KLLLIGDSGVGKSCLLLRFADDTYTESYISTIGVDFKIRTIELDGKTIKLQIWDTAGQERFRTITSSYYRGAHGIIVVYDCTDQESFNNVKQWLEEIERYACENVNKLLVGNKSDLTTKKVVDHTTAAEYAAQLGIPFLETSAKSATNVEQAFMTMAAEI
Q9UAQ6	Q9UAQ6_CAEEL	f4	new.f11	Q9UAQ6_CAEEL	Ras	Rab_fam	MAAMNPEYDYLFKLLLIGDSGVGKSCLLLRFADDTYTESYISTIGVDFKIRTIELDGKTIKLQIWDTAGQERFRTITSSYYRGAHGIIVVYDITDQETFNNVKQWLQEIDRYACENVNKLLVGNKCDLTAKRAVETQAAQDYAGQLGIPFLETSAKSSTNVEQAFLTMASEIKSRMGPVQGAGGAPGVRITGSQPVQDKKSGGCC	Q9UAQ6_CAEEL RAB family OS=Caenorhabditis elegans OX=6239 GN=rab-1 PE=1 SV=1	PF00071;	Small GTPase superfamily, Rab family	RAB family	13-172	KLLLIGDSGVGKSCLLLRFADDTYTESYISTIGVDFKIRTIELDGKTIKLQIWDTAGQERFRTITSSYYRGAHGIIVVYDITDQETFNNVKQWLQEIDRYACENVNKLLVGNKCDLTAKRAVETQAAQDYAGQLGIPFLETSAKSSTNVEQAFLTMASEI
O17915	RAN_CAEEL	f5	new.f10	RAN_CAEEL	Ras	Ran_fam	MSGGDGIPTFKLVLVGDGGTGKTTFVKRHLTGEFEKKYVATLGVEVHPLVFHTNRGQIRFNVWDTAGQEKFGGLRDGYYIQGQCAIIMFDVTARVTYKNVPNWHRDLARVCENIPIVLCGNKVDVKDRKVKAKTITFHRKKNLQYYDISAKSNYNFEKPFLWLARKLLGDPNLEFVAMPALAPPEVQMDPAMIAEYEKDLDNAAKADLPDDDDDL	RAN_CAEEL GTP-binding nuclear protein ran-1 OS=Caenorhabditis elegans OX=6239 GN=ran-1 PE=1 SV=1	PF00071;	Small GTPase superfamily, Ran family	GTP-binding nuclear protein ran-1 (Ras-related nuclear protein 1)	11-166	KLVLVGDGGTGKTTFVKRHLTGEFEKKYVATLGVEVHPLVFHTNRGQIRFNVWDTAGQEKFGGLRDGYYIQGQCAIIMFDVTARVTYKNVPNWHRDLARVCENIPIVLCGNKVDVKDRKVKAKTITFHRKKNLQYYDISAKSNYNFEKPFLWLARK
P32835	GSP1_YEAST	f5	new.f10	GSP1_YEAST	Ras	Ran_fam	MSAPAANGEVPTFKLVLVGDGGTGKTTFVKRHLTGEFEKKYIATIGVEVHPLSFYTNFGEIKFDVWDTAGQEKFGGLRDGYYINAQCAIIMFDVTSRITYKNVPNWHRDLVRVCENIPIVLCGNKVDVKERKVKAKTITFHRKKNLQYYDISAKSNYNFEKPFLWLARKLAGNPQLEFVASPALAPPEVQVDEQLMQQYQQEMEQATALPLPDEDDADL	GSP1_YEAST GTP-binding nuclear protein GSP1/CNR1 OS=Saccharomyces cerevisiae (strain ATCC 204508 / S288c) OX=559292 GN=GSP1 PE=1 SV=1	PF00071;	Small GTPase superfamily, Ran family	GTP-binding nuclear protein GSP1/CNR1 (Chromosome stability protein 17) (GTPase Ran homolog) (Genetic suppressor of PRP20-1)	14-169	KLVLVGDGGTGKTTFVKRHLTGEFEKKYIATIGVEVHPLSFYTNFGEIKFDVWDTAGQEKFGGLRDGYYINAQCAIIMFDVTSRITYKNVPNWHRDLVRVCENIPIVLCGNKVDVKERKVKAKTITFHRKKNLQYYDISAKSNYNFEKPFLWLARK
P32836	GSP2_YEAST	f5	new.f10	GSP2_YEAST	Ras	Ran_fam	MSAPAQNNAEVPTFKLVLVGDGGTGKTTFVKRHLTGEFEKKYIATIGVEVHPLSFYTNFGEIKFDVWDTAGQEKFGGLRDGYYINAQCAIIMFDVTSRITYKNVPNWHRDLVRVCENIPIVLCGNKVDVKERKVKAKTITFHRKKNLQYYDISAKSNYNFEKPFLWLARKLAGNPQLEFVASPALAPPEVQVDEQLMHQYQQEMDQATALPLPDEDDADL	GSP2_YEAST GTP-binding nuclear protein GSP2/CNR2 OS=Saccharomyces cerevisiae (strain ATCC 204508 / S288c) OX=559292 GN=GSP2 PE=1 SV=1	PF00071;	Small GTPase superfamily, Ran family	GTP-binding nuclear protein GSP2/CNR2	15-170	KLVLVGDGGTGKTTFVKRHLTGEFEKKYIATIGVEVHPLSFYTNFGEIKFDVWDTAGQEKFGGLRDGYYINAQCAIIMFDVTSRITYKNVPNWHRDLVRVCENIPIVLCGNKVDVKERKVKAKTITFHRKKNLQYYDISAKSNYNFEKPFLWLARK
P41916	RAN1_ARATH	f5	new.f10	RAN1_ARATH	Ras	Ran_fam	MALPNQQTVDYPSFKLVIVGDGGTGKTTFVKRHLTGEFEKKYEPTIGVEVHPLDFFTNCGKIRFYCWDTAGQEKFGGLRDGYYIHGQCAIIMFDVTARLTYKNVPTWHRDLCRVCENIPIVLCGNKVDVKNRQVKAKQVTFHRKKNLQYYEISAKSNYNFEKPFLYLARKLAGDQNLHFVETPALAPPEVHIDIADQQKNEAELLQAAAQPLPDDDDDIFE	RAN1_ARATH GTP-binding nuclear protein Ran-1 OS=Arabidopsis thaliana OX=3702 GN=RAN1 PE=1 SV=1	PF00071;	Small GTPase superfamily, Ran family	GTP-binding nuclear protein Ran-1 (Ras-related nuclear protein 1)	15-170	KLVIVGDGGTGKTTFVKRHLTGEFEKKYEPTIGVEVHPLDFFTNCGKIRFYCWDTAGQEKFGGLRDGYYIHGQCAIIMFDVTARLTYKNVPTWHRDLCRVCENIPIVLCGNKVDVKNRQVKAKQVTFHRKKNLQYYEISAKSNYNFEKPFLYLARK
P41917	RAN2_ARATH	f5	new.f10	RAN2_ARATH	Ras	Ran_fam	MALPNQQTVDYPSFKLVIVGDGGTGKTTFVKRHLTGEFEKKYEPTIGVEVHPLDFFTNCGKIRFYCWDTAGQEKFGGLRDGYYIHGQCAIIMFDVTARLTYKNVPTWHRDLCRVCENIPIVLCGNKVDVKNRQVKAKQVTFHRKKNLQYYEISAKSNYNFEKPFLYLARKLAGDQNLHFVESPALAPPEVHLDIAAQQQNEADLAAAAAQPLPDDDDDAFE	RAN2_ARATH GTP-binding nuclear protein Ran-2 OS=Arabidopsis thaliana OX=3702 GN=RAN2 PE=1 SV=3	PF00071;	Small GTPase superfamily, Ran family	GTP-binding nuclear protein Ran-2 (Ras-related nuclear protein 2)	15-170	KLVIVGDGGTGKTTFVKRHLTGEFEKKYEPTIGVEVHPLDFFTNCGKIRFYCWDTAGQEKFGGLRDGYYIHGQCAIIMFDVTARLTYKNVPTWHRDLCRVCENIPIVLCGNKVDVKNRQVKAKQVTFHRKKNLQYYEISAKSNYNFEKPFLYLARK
P62827	RAN_MOUSE	f5	new.f10	RAN_MOUSE	Ras	Ran_fam	MAAQGEPQVQFKLVLVGDGGTGKTTFVKRHLTGEFEKKYVATLGVEVHPLVFHTNRGPIKFNVWDTAGQEKFGGLRDGYYIQAQCAIIMFDVTSRVTYKNVPNWHRDLVRVCENIPIVLCGNKVDIKDRKVKAKSIVFHRKKNLQYYDISAKSNYNFEKPFLWLARKLIGDPNLEFVAMPALAPPEVVMDPALAAQYEHDLEVAQTTALPDEDDDL	RAN_MOUSE GTP-binding nuclear protein Ran OS=Mus musculus OX=10090 GN=Ran PE=1 SV=3	PF00071;	Small GTPase superfamily, Ran family	GTP-binding nuclear protein Ran (EC 3.6.5.-) (GTPase Ran) (Ras-like protein TC4) (Ras-related nuclear protein)	12-167	KLVLVGDGGTGKTTFVKRHLTGEFEKKYVATLGVEVHPLVFHTNRGPIKFNVWDTAGQEKFGGLRDGYYIQAQCAIIMFDVTSRVTYKNVPNWHRDLVRVCENIPIVLCGNKVDIKDRKVKAKSIVFHRKKNLQYYDISAKSNYNFEKPFLWLARK
Q8H156	RAN3_ARATH	f5	new.f10	RAN3_ARATH	Ras	Ran_fam	MALPNQQTVDYPSFKLVIVGDGGTGKTTFVKRHLTGEFEKKYEPTIGVEVHPLDFFTNCGKIRFYCWDTAGQEKFGGLRDGYYIHGQCAIIMFDVTARLTYKNVPTWHRDLCRVCENIPIVLCGNKVDVKNRQVKAKQVTFHRKKNLQYYEISAKSNYNFEKPFLYLARKLAGDANLHFVESPALAPPEVQIDLAAQQQHEAELAAAASQPLPDDDDDTFE	RAN3_ARATH GTP-binding nuclear protein Ran-3 OS=Arabidopsis thaliana OX=3702 GN=RAN3 PE=1 SV=2	PF00071;	Small GTPase superfamily, Ran family	GTP-binding nuclear protein Ran-3 (Ras-related nuclear protein 3)	15-170	KLVIVGDGGTGKTTFVKRHLTGEFEKKYEPTIGVEVHPLDFFTNCGKIRFYCWDTAGQEKFGGLRDGYYIHGQCAIIMFDVTARLTYKNVPTWHRDLCRVCENIPIVLCGNKVDVKNRQVKAKQVTFHRKKNLQYYEISAKSNYNFEKPFLYLARK
Q9VZ23	RAN_DROME	f5	new.f10	RAN_DROME	Ras	Ran_fam	MAQEGQDIPTFKCVLVGDGGTGKTTFVKRHMTGEFEKKYVATLGVEVHPLIFHTNRGAIRFNVWDTAGQEKFGGLRDGYYIQGQCAVIMFDVTSRVTYKNVPNWHRDLVRVCENIPIVLCGNKVDIKDRKVKAKSIVFHRKKNLQYYDISAKSNYNFEKPFLWLARKLVGDPNLEFVAMPALLPPEVKMDKDWQAQIERDLQEAQATALPDEDEEL	RAN_DROME GTP-binding nuclear protein Ran OS=Drosophila melanogaster OX=7227 GN=Ran PE=1 SV=1	PF00071;	Small GTPase superfamily, Ran family	GTP-binding nuclear protein Ran (Ras-related nuclear protein)	12-167	KCVLVGDGGTGKTTFVKRHMTGEFEKKYVATLGVEVHPLIFHTNRGAIRFNVWDTAGQEKFGGLRDGYYIQGQCAVIMFDVTSRVTYKNVPNWHRDLVRVCENIPIVLCGNKVDIKDRKVKAKSIVFHRKKNLQYYDISAKSNYNFEKPFLWLARK
